epoch,loss
1,3.0207161903381348
2,0.03147048130631447
3,0.005207289010286331
4,0.007545179221779108
5,0.010389219038188457
6,0.01091991737484932
7,0.010681543499231339
8,0.009683443233370781
9,0.008487489074468613
10,0.007574871182441711
11,0.006858792155981064
12,0.006290447898209095
13,0.005229192785918713
14,0.005022181198000908
15,0.004717174917459488
16,0.004675171338021755
17,0.004355075303465128
18,0.004147041589021683
19,0.003664865158498287
20,0.0033822241239249706
21,0.003391812788322568
22,0.0035364790819585323
23,0.0033940295688807964
24,0.003707879688590765
25,0.0031568328849971294
26,0.0033329101279377937
27,0.0031560766510665417
28,0.0028479713946580887
29,0.0027393929194658995
30,0.002389189787209034
31,0.0030452003702521324
32,0.0028113448061048985
33,0.0022909522522240877
34,0.002625417662784457
35,0.002524707932025194
36,0.002313875127583742
37,0.002829199656844139
38,0.0028048227541148663
39,0.0022838683798909187
40,0.0024251302238553762
41,0.002448180690407753
42,0.002232705010101199
43,0.002578879240900278
44,0.0023623367305845022
45,0.002505070762708783
46,0.002331532072275877
47,0.002160786185413599
48,0.0021396761294454336
49,0.0024563053157180548
50,0.002566169248893857
51,0.0022711348719894886
52,0.001976270228624344
53,0.0016619942616671324
54,0.0022114061284810305
55,0.0019093300215899944
56,0.0018214129377156496
57,0.002206725999712944
58,0.002301550470292568
59,0.002043871209025383
60,0.0017408697167411447
61,0.0018563073826953769
62,0.0016133114695549011
63,0.0018684882670640945
64,0.001866198843345046
65,0.0018699392676353455
66,0.0017183567397296429
67,0.002244736533612013
68,0.002189365215599537
69,0.0020834906026721
70,0.001715989550575614
71,0.0020389712881296873
72,0.0017264771740883589
73,0.0013539699139073491
74,0.0018752972828224301
75,0.0019429416861385107
76,0.0017934490460902452
77,0.0013875467702746391
78,0.0014456030912697315
79,0.002182481111958623
80,0.001433331286534667
81,0.0017461327370256186
82,0.001562084536999464
83,0.0018379880348220468
84,0.0019277471583336592
85,0.0023170304484665394
86,0.0017026076093316078
87,0.001750316470861435
88,0.0020047028083354235
89,0.0016766330227255821
90,0.0018317694775760174
91,0.0014218923170119524
92,0.0015348390443250537
93,0.001438409206457436
94,0.0013436838053166866
95,0.0018469833303242922
96,0.001384394010528922
97,0.0015350005123764277
98,0.0018537050345912576
99,0.0017385450191795826
100,0.0018228513654321432
101,0.0014561276184394956
102,0.0012405843008309603
103,0.0017400679644197226
104,0.001570799620822072
105,0.0016253485810011625
106,0.001592545653693378
107,0.0011952698696404696
108,0.0014044612180441618
109,0.0014363089576363564
110,0.0013151647290214896
111,0.0012895343825221062
112,0.0015153896529227495
113,0.0013170731253921986
114,0.0015186467207968235
115,0.0015330079477280378
116,0.0017135728849098086
117,0.0015647828113287687
118,0.0015903145540505648
119,0.0012658394407480955
120,0.0011906120926141739
121,0.0014338213950395584
122,0.0011921508703380823
123,0.0011967680184170604
124,0.0014111832715570927
125,0.0011190548539161682
126,0.001601819647476077
127,0.001700905617326498
128,0.0018703615060076118
129,0.0010266377357766032
130,0.0012787377927452326
131,0.001141926972195506
132,0.0013836754951626062
133,0.0013555401237681508
134,0.0014021797105669975
135,0.0012881786096841097
136,0.0011574113741517067
137,0.0010690479539334774
138,0.0010707210749387741
139,0.001348249614238739
140,0.0012210176791995764
141,0.0012671283911913633
142,0.0011990887578576803
143,0.0015453677624464035
144,0.0014836271293461323
145,0.001328064827248454
146,0.001698456471785903
147,0.0012279762886464596
148,0.0016193062765523791
149,0.001227709697559476
150,0.0012564894277602434
151,0.001079627312719822
152,0.0013718921691179276
153,0.0014748421963304281
154,0.0014476589858531952
155,0.00121014635078609
156,0.00139582809060812
157,0.0010742070153355598
158,0.0013840000610798597
159,0.000986406928859651
160,0.0010583633556962013
161,0.0013819481246173382
162,0.0012307630386203527
163,0.0010334672406315804
164,0.000992803368717432
165,0.001071485341526568
166,0.0009316339856013656
167,0.0011052910704165697
168,0.0014803780941292644
169,0.0011276965960860252
170,0.0014535610098391771
171,0.0009009633213281631
172,0.0015778903616592288
173,0.000999188981950283
174,0.0012008589692413807
175,0.0009298069053329527
176,0.001062565017491579
177,0.0012917295098304749
178,0.001118119340389967
179,0.0010734775569289923
180,0.0012470583897083998
181,0.0012522810138761997
182,0.0011938834795728326
183,0.0008890011813491583
184,0.0012390135088935494
185,0.0009413626976311207
186,0.0011755779851227999
187,0.0012074015103280544
188,0.0008851372404024005
189,0.0009466686751693487
190,0.0006757884984835982
191,0.0011576816905289888
192,0.0011583880987018347
193,0.0012547594960778952
194,0.0012662968365475535
195,0.0011349504347890615
196,0.0010842221090570092
197,0.0008883790578693151
198,0.000964369042776525
199,0.0011378261260688305
200,0.0008946181042119861
201,0.0009839247213676572
202,0.0012204081285744905
203,0.001026564510539174
204,0.0008146938635036349
205,0.0010898520704358816
206,0.0009882381418719888
207,0.0011093610664829612
208,0.0015492597594857216
209,0.0009034540271386504
210,0.0012716029305011034
211,0.001352796913124621
212,0.0011891344329342246
213,0.0009430923964828253
214,0.0008747333777137101
215,0.0010912686120718718
216,0.0011469780001789331
217,0.0009620912605896592
218,0.0009358401875942945
219,0.0008308868855237961
220,0.0008052807534113526
221,0.0008869271259754896
222,0.0008748314576223493
223,0.001278016483411193
224,0.0007071937434375286
225,0.0010236899834126234
226,0.0011266106739640236
227,0.001138921594247222
228,0.0010637971572577953
229,0.0011079112300649285
230,0.0010213418863713741
231,0.000886096153408289
232,0.0009213649318553507
233,0.0010309233330190182
234,0.0008344318484887481
235,0.0009930586675181985
236,0.00110582634806633
237,0.0009214206365868449
238,0.0006669443100690842
239,0.0007039006450213492
240,0.0010718294652178884
241,0.0005836696946062148
242,0.0007915925234556198
243,0.0008140637073665857
244,0.0009891005465760827
245,0.0011276516597718
246,0.0008958595572039485
247,0.0010412851115688682
248,0.0007168315351009369
249,0.0009714894113130867
250,0.0012483139289543033
251,0.0012192330323159695
252,0.0009051779052242637
253,0.0008971013594418764
254,0.000591810792684555
255,0.0007989669684320688
256,0.0010844101198017597
257,0.0007035023882053792
258,0.0008272712584584951
259,0.0008595430990681052
260,0.0009395592496730387
261,0.0009580483892932534
262,0.0008435160270892084
263,0.0012228407431393862
264,0.00074230064637959
265,0.000996143789961934
266,0.0008957936661317945
267,0.0009659277275204659
268,0.0008834109758026898
269,0.0011272062547504902
270,0.0008610137738287449
271,0.000604041910264641
272,0.0007207765011116862
273,0.000677575240842998
274,0.0008162562153302133
275,0.0008031903998926282
276,0.0009590756380930543
277,0.0006589280092157423
278,0.000558923464268446
279,0.0010066716931760311
280,0.000851502874866128
281,0.0006724364357069135
282,0.0006450765067711473
283,0.0006759562529623508
284,0.0007377704023383558
285,0.0006893131067045033
286,0.000705421669408679
287,0.0009146903175860643
288,0.0007221631240099669
289,0.0008783164666965604
290,0.0008832273306325078
291,0.000721545482520014
292,0.0007205352885648608
293,0.0007878990727476776
294,0.0008822564268484712
295,0.0007294288370758295
296,0.0006467429338954389
297,0.0007462453795596957
298,0.0007406579679809511
299,0.0007928424747660756
300,0.0007387576042674482
301,0.0008663039188832045
302,0.0008534498047083616
303,0.0009113932028412819
304,0.0007269278867170215
305,0.0008780857897363603
306,0.0008771988796070218
307,0.0009910265216603875
308,0.0009502285392954946
309,0.0005802595405839384
310,0.0006668164860457182
311,0.0009300122037529945
312,0.0006916041020303965
313,0.0008668985683470964
314,0.0006218218477442861
315,0.0007428778917528689
316,0.0007972940220497549
317,0.0005732496501877904
318,0.0007066535181365907
319,0.0009455037070438266
320,0.0010411753319203854
321,0.0005389992729760706
322,0.0010139516089111567
323,0.0009872580412775278
324,0.0008395471377298236
325,0.0008627930656075478
326,0.0006854889215901494
327,0.001045436947606504
328,0.0009407153120264411
329,0.0006806531455367804
330,0.0009659556671977043
331,0.0009031416848301888
332,0.0008186348713934422
333,0.0006970068207010627
334,0.0009649503044784069
335,0.0007733273087069392
336,0.0006260422524064779
337,0.000774925749283284
338,0.0006408981280401349
339,0.0007904795929789543
340,0.0009973429841920733
341,0.0006979944882914424
342,0.001024339348077774
343,0.0010811968240886927
344,0.0007832746487110853
345,0.0005904005956836045
346,0.0006942353793419898
347,0.0006571207195520401
348,0.0007665010634809732
349,0.000634417578112334
350,0.0007266892353072762
351,0.0008198423311114311
352,0.0009181490167975426
353,0.00077992700971663
354,0.0007440169574692845
355,0.000804004492238164
356,0.0006769555620849133
357,0.0008896326180547476
358,0.0007363675977103412
359,0.0007804222404956818
360,0.00041930226143449545
361,0.0007351824315264821
362,0.0007324288599193096
363,0.0005439967499114573
364,0.0008438593940809369
365,0.0009526911308057606
366,0.0007139163790270686
367,0.0005493612261489034
368,0.0007160993991419673
369,0.0007119061192497611
370,0.0005339247873052955
371,0.0003531973925419152
372,0.0006735788192600012
373,0.000591678312048316
374,0.0005593569949269295
375,0.0007786191999912262
376,0.0007923963130451739
377,0.0006655007018707693
378,0.000599234423134476
379,0.000668846070766449
380,0.0006308166775852442
381,0.0006817167159169912
382,0.000792080070823431
383,0.0008239487651735544
384,0.0008546570898033679
385,0.0005654018605127931
386,0.0007466876995749772
387,0.0006547912489622831
388,0.0006397691904567182
389,0.0005422857357189059
390,0.0009450979414395988
391,0.0007355654379352927
392,0.0007679865229874849
393,0.0005223637563176453
394,0.0009091946994885802
395,0.0006037788698449731
396,0.0006881671724840999
397,0.0008150938083417714
398,0.0006809732876718044
399,0.0008759648189879954
400,0.0006493657710961998
401,0.0006993665592744946
402,0.0009727763244882226
403,0.0006944576743990183
404,0.000629538088105619
405,0.0005779474158771336
406,0.0007644740398973227
407,0.0005007139407098293
408,0.0009454255923628807
409,0.0006921222666278481
410,0.0004017733153887093
411,0.0005087907193228602
412,0.0007504403474740684
413,0.0008763812948018312
414,0.001034247106872499
415,0.0007219249382615089
416,0.0003653771709650755
417,0.0007397475419566035
418,0.0005860792007297277
419,0.0006109719397500157
420,0.00033452146453782916
421,0.0005608353530988097
422,0.0006742927362211049
423,0.000607889611274004
424,0.0006210309220477939
425,0.0007496306207031012
426,0.0006541626062244177
427,0.0006019299617037177
428,0.0007189984899014235
429,0.0006880375440232456
430,0.0007295669056475163
431,0.000527293304912746
432,0.000570325821172446
433,0.0007617401424795389
434,0.000478935893625021
435,0.0007270602509379387
436,0.0005926194717176259
437,0.0010784019250422716
438,0.0006837102118879557
439,0.0005356845213100314
440,0.0007392446277663112
441,0.0007750020013190806
442,0.0007246361928991973
443,0.00046600692439824343
444,0.0006475841510109603
445,0.0005455074133351445
446,0.000643861130811274
447,0.0005023734411224723
448,0.0003376060049049556
449,0.0007216001977212727
450,0.000467711070086807
451,0.0004281857400201261
452,0.0007468376425094903
453,0.0007608134765177965
454,0.0006570683908648789
455,0.0006909691728651524
456,0.0007535193581134081
457,0.0005314600421115756
458,0.000643649254925549
459,0.0006844637682661414
460,0.0006944382330402732
461,0.0006122119957581162
462,0.00046729756286367774
463,0.0005330147687345743
464,0.0005119758425280452
465,0.0007656162488274276
466,0.0006297151558101177
467,0.00047634157817810774
468,0.0005373011808842421
469,0.0004321790183894336
470,0.0007694395608268678
471,0.0006107879453338683
472,0.0005787868867628276
473,0.0006054553086869419
474,0.0006891926750540733
475,0.0004230358172208071
476,0.0006397904944606125
477,0.0006048972718417645
478,0.0006349282339215279
479,0.0007071304135024548
480,0.00058236054610461
481,0.0006624062079936266
482,0.0006539662135764956
483,0.0006795704830437899
484,0.0005092888604849577
485,0.0007454745355062187
486,0.000609901559073478
487,0.000625269953161478
488,0.0006893591489642859
489,0.0006010581273585558
490,0.0005750778364017606
491,0.00039415352512151003
492,0.0007790728705003858
493,0.0005922624841332436
494,0.0008406006381846964
495,0.0004660646081902087
496,0.00046592875150963664
497,0.0006086339708417654
498,0.000493899337016046
499,0.0007279004203155637
500,0.0006984963547438383
501,0.0004588036681525409
502,0.0006523032207041979
503,0.0005887432489544153
504,0.000663378625176847
505,0.0005595118273049593
506,0.0007232991047203541
507,0.0005186576745472848
508,0.00038119941018521786
509,0.0004882737994194031
510,0.0006463682511821389
511,0.0004576321807689965
512,0.0003588582621887326
513,0.00034482486080378294
514,0.0006072894902899861
515,0.0007000832702033222
516,0.0004784085904248059
517,0.000607300375122577
518,0.0005966245080344379
519,0.0006741109536960721
520,0.0005912496708333492
521,0.0005291140987537801
522,0.0004865899099968374
523,0.0005065579316578805
524,0.0004024059744551778
525,0.0005980825517326593
526,0.0005621438031084836
527,0.00039103772724047303
528,0.000340005150064826
529,0.0006170935230329633
530,0.0004789775994140655
531,0.0007584214909002185
532,0.0006877118139527738
533,0.0004975665360689163
534,0.0004671715141739696
535,0.0003037413698621094
536,0.0007318507414311171
537,0.0003687705611810088
538,0.0006273923208937049
539,0.0008114650845527649
540,0.0007520108483731747
541,0.00043095010914839804
542,0.0005630553932860494
543,0.000721227319445461
544,0.0006968629313632846
545,0.00038344116182997823
546,0.0005160323344171047
547,0.0006375270895659924
548,0.000412394612794742
549,0.0006387635366991162
550,0.0006700577214360237
551,0.0006703435792587698
552,0.0006331645417958498
553,0.0004824056522920728
554,0.000532077974639833
555,0.00033767096465453506
556,0.0005506277666427195
557,0.000614421209320426
558,0.00038670538924634457
559,0.000530501885805279
560,0.00043615736649371684
561,0.000350739574059844
562,0.0005130067002028227
563,0.0005993081722408533
564,0.0006561301997862756
565,0.00039416056824848056
566,0.0005376205081120133
567,0.0005509362090379
568,0.0004551814927253872
569,0.0006074488628655672
570,0.0005900636897422373
571,0.000653737923130393
572,0.0006158785545267165
573,0.0006738698575645685
574,0.0006405258900485933
575,0.0004175160138402134
576,0.00023032084573060274
577,0.0005146656767465174
578,0.000371674686903134
579,0.000479193520732224
580,0.0004889541887678206
581,0.0005312049761414528
582,0.0005117725813761353
583,0.0005862832185812294
584,0.0005108005716465414
585,0.00045590035733766854
586,0.00043228111462667584
587,0.000626258144620806
588,0.0004913479788228869
589,0.0005963018629699945
590,0.00037183548556640744
591,0.00024307472631335258
592,0.0007716377731412649
593,0.000615457072854042
594,0.00047661075950600207
595,0.00043176781036891043
596,0.000331512390403077
597,0.0004440807970240712
598,0.00046493500121869147
599,0.0005197353893890977
600,0.0005987681215628982
601,0.000722631870303303
602,0.0005934250075370073
603,0.000582163454964757
604,0.00037643156247213483
605,0.0003816494718194008
606,0.0005180307198315859
607,0.00044931608135811985
608,0.0004646523157134652
609,0.0005499931867234409
610,0.0006279152585193515
611,0.0004812816623598337
612,0.00046364666195586324
613,0.0005435399943962693
614,0.0007529290160164237
615,0.0004244712181389332
616,0.0004971758462488651
617,0.0007287898333743215
618,0.0005308749387040734
619,0.00031487655360251665
620,0.0006632081931456923
621,0.0004603703855536878
622,0.00042401740211062133
623,0.0002836969797499478
624,0.00035772734554484487
625,0.00036138208815827966
626,0.0004923150409013033
627,0.0004192800261080265
628,0.0003817584947682917
629,0.0004795387212652713
630,0.0004255106614436954
631,0.000528941978700459
632,0.0005460954853333533
633,0.00039637292502447963
634,0.00040217358036898077
635,0.0005750954733230174
636,0.0004697109689004719
637,0.0006043962202966213
638,0.0005438145017251372
639,0.00044652409269474447
640,0.0007163939299061894
641,0.0004613090422935784
642,0.0006191319553181529
643,0.0005187335191294551
644,0.0005838085198774934
645,0.0004251952050253749
646,0.0005964911542832851
647,0.0004891211865469813
648,0.0005826929700560868
649,0.0004777241265401244
650,0.00043512647971510887
651,0.00030579965095967054
652,0.0004741860902868211
653,0.0006558306631632149
654,0.0006221923395060003
655,0.00037045683711767197
656,0.00037543827784247696
657,0.00048249459359794855
658,0.0004888333496637642
659,0.0007140489178709686
660,0.00041139990207739174
661,0.0003830297791864723
662,0.00046698094229213893
663,0.0001738929422572255
664,0.000572691613342613
665,0.00046843773452565074
666,0.0003872648812830448
667,0.0004653424839489162
668,0.0004471247084438801
669,0.0003467861097306013
670,0.0005361511139199138
671,0.0004120550293009728
672,0.000519906054250896
673,0.0004459721385501325
674,0.0006577744497917593
675,0.00036179571179673076
676,0.0006241035298444331
677,0.0005227404762990773
678,0.00045148053322918713
679,0.00036676391027867794
680,0.0002951459609903395
681,0.0004680296406149864
682,0.0007086953846737742
683,0.0004630919429473579
684,0.00037459254963323474
685,0.00046350847696885467
686,0.000499430694617331
687,0.00046505656791850924
688,0.0004244588781148195
689,0.00045569686335511506
690,0.000740721239708364
691,0.0006978110177442431
692,0.0006422061705961823
693,0.00045684026554226875
694,0.0004902786458842456
695,0.0004209419712424278
696,0.0005926074227318168
697,0.0006459522410295904
698,0.0004939341451972723
699,0.0005563299055211246
700,0.0001921993971336633
701,0.00035181973362341523
702,0.00037985091330483556
703,0.0007200792897492647
704,0.0005058122333139181
705,0.0004666823660954833
706,0.0006034503458067775
707,0.0003503288025967777
708,0.0005002919351682067
709,0.00036360655212774873
710,0.0005468041636049747
711,0.0004404245119076222
712,0.00047127139987424016
713,0.00045502232387661934
714,0.000516433734446764
715,0.000546384952031076
716,0.0003243339597247541
717,0.0005768945557065308
718,0.0005988418706692755
719,0.00039467139868065715
720,0.0003159573534503579
721,0.000417950825067237
722,0.000423003570176661
723,0.00041009270353242755
724,0.00031520091579295695
725,0.00038696127012372017
726,0.0005380290094763041
727,0.0004681004211306572
728,0.0003954902640543878
729,0.00046265849960036576
730,0.0004609446623362601
731,0.0006750160828232765
732,0.0005146782496012747
733,0.00043867426575161517
734,0.0004908909322693944
735,0.00031021476024761796
736,0.0003544267965480685
737,0.0003950170357711613
738,0.000295970996376127
739,0.0005195538979023695
740,0.0004275338724255562
741,0.00024999771267175674
742,0.0004428755200933665
743,0.0005094902007840574
744,0.00038519175723195076
745,0.0004984705592505634
746,0.00023777187743689865
747,0.0004349787486717105
748,0.00047218584222719073
749,0.0003225843538530171
750,0.0004932976444251835
751,0.0005731192650273442
752,0.0003387024044059217
753,0.0006296010687947273
754,0.0005312126013450325
755,0.0005011003813706338
756,0.00042134622344747186
757,0.0003525431384332478
758,0.0003697291249409318
759,0.0007540110964328051
760,0.00045792030869051814
761,0.0004369431990198791
762,0.0004527551936917007
763,0.00027106498600915074
764,0.00045775380567647517
765,0.0004701280558947474
766,0.00043746057781390846
767,0.0004884524387307465
768,0.00025983364321291447
769,0.0004214353975839913
770,0.0005164406029507518
771,0.00028589152498170733
772,0.0003224369138479233
773,0.0006129950052127242
774,0.0002555138780735433
775,0.0005637721624225378
776,0.0003623906522989273
777,0.0005346469115465879
778,0.00029645347967743874
779,0.0005908750463277102
780,0.0006975059513933957
781,0.00031290564220398664
782,0.0004659683327190578
783,0.0004901011707261205
784,0.00037318782415241003
785,0.00033955887192860246
786,0.00048312079161405563
787,0.0005305103841237724
788,0.00034827267518267035
789,0.0005647912621498108
790,0.0005091819912195206
791,0.0003906575439032167
792,0.0004696427786257118
793,0.0003761773114092648
794,0.00047029697452671826
795,0.0004904111265204847
796,0.00032677705166861415
797,0.00037994247395545244
798,0.0002607219503261149
799,0.00045087182661518455
800,0.0004052230215165764
801,0.0005055086221545935
802,0.0002969843626488
803,0.000302818400086835
804,0.000497813627589494
805,0.0005228316877037287
806,0.0003157644532620907
807,0.00046661196392960846
808,0.0004127718275412917
809,0.0005618780851364136
810,0.00040757411625236273
811,0.0004519812064245343
812,0.0005710671539418399
813,0.0004431386769283563
814,0.0004771553794853389
815,0.000403326383093372
816,0.00034455308923497796
817,0.00044828871614299715
818,0.0004818688612431288
819,0.0002509897167328745
820,0.0004241293645463884
821,0.0006968177622184157
822,0.0004764963814523071
823,0.0004172227345407009
824,0.00033385626738891006
825,0.0005497628008015454
826,0.0004032626748085022
827,0.0003416790277697146
828,0.00040295219514518976
829,0.0005753347650170326
830,0.0005803715903311968
831,0.0003393231309019029
832,0.0004225081065669656
833,0.0002634190022945404
834,0.00035218079574406147
835,0.00036626768996939063
836,0.0003172022115904838
837,0.00039519413257949054
838,0.0002605403424240649
839,0.0003893213579431176
840,0.0006242940435186028
841,0.00034288052120245993
842,0.00047273619566112757
843,0.00039392459439113736
844,0.0002905699366237968
845,0.0006755192298442125
846,0.0005116425454616547
847,0.00044072180753573775
848,0.00040358692058362067
849,0.0002893363416660577
850,0.00032603132422082126
851,0.00029861126677133143
852,0.0004664536681957543
853,0.000599862658418715
854,0.0002591937081888318
855,0.0004724175378214568
856,0.00029704449116252363
857,0.000293268880341202
858,0.0002156556147383526
859,0.0005246528889983892
860,0.0005410632584244013
861,0.0003801682614721358
862,0.00043719730456359684
863,0.0004979172954335809
864,0.0004348550573922694
865,0.0004078306956216693
866,0.0005247262306511402
867,0.00028518319595605135
868,0.00033192388946190476
869,0.0002503932046238333
870,0.000402787234634161
871,0.00028477891464717686
872,0.0004558317887131125
873,0.0003625123936217278
874,0.00039850460598245263
875,0.00037577442708425224
876,0.0005344273522496223
877,0.0004750712541863322
878,0.000272068427875638
879,0.0004025723319500685
880,0.0003519280580803752
881,0.0005960846901871264
882,0.00036274053854867816
883,0.0003910966916009784
884,0.0003075301938224584
885,0.0003324512508697808
886,0.0004526417760644108
887,0.00038039899663999677
888,0.0003833120281342417
889,0.0005112509243190289
890,0.000508680532220751
891,0.0004822484916076064
892,0.00044950327719561756
893,0.0003711252356879413
894,0.0003204889944754541
895,0.00039728631963953376
896,0.0002521999122109264
897,0.0004219960537739098
898,0.0003720258828252554
899,0.000307058566249907
900,0.00036278547486290336
901,0.00042430631583556533
902,0.00041949929436668754
903,0.0002501373237464577
904,0.00016464668442495167
905,0.0004754013498313725
906,0.0003918623551726341
907,0.00034586357651278377
908,0.0002744559315033257
909,0.0005115788662806153
910,0.00045191909885033965
911,0.00042329641291871667
912,0.0004390662652440369
913,0.00034398044226691127
914,0.0005462858825922012
915,0.00041502213571220636
916,0.00038681121077388525
917,0.0005221409373916686
918,0.0003288598090875894
919,0.000364577688742429
920,0.0002385057887295261
921,0.0005136664258316159
922,0.0006052456446923316
923,0.00045126574696041644
924,0.00041867143590934575
925,0.0002649220987223089
926,0.0004591550095938146
927,0.0004829050158150494
928,0.00030762189999222755
929,0.0003079837770201266
930,0.0003117470187135041
931,0.000376095122192055
932,0.00040368566988036036
933,0.000369254412362352
934,0.00040320964762941003
935,0.0005019857781007886
936,0.0003951061225961894
937,0.00040152776637114584
938,0.0003944345808122307
939,0.00041420251363888383
940,0.0002908766909968108
941,0.000193661471712403
942,0.0004555886844173074
943,0.0003676686901599169
944,0.00037454167613759637
945,0.00038383915671147406
946,0.00025784914032556117
947,0.0004418021417222917
948,0.0004918391932733357
949,0.00031512888381257653
950,0.0005333127337507904
951,0.00031224213307723403
952,0.0004367880756035447
953,0.00036003824789077044
954,0.00038720807060599327
955,0.0004472376313060522
956,0.0003855976974591613
957,0.0005099609261378646
958,0.0003907475620508194
959,0.00045580018195323646
960,0.000495342945214361
961,0.0002844671253114939
962,0.00039090128848329186
963,0.00030275207245722413
964,0.0004544212715700269
965,0.0005871460307389498
966,0.0004128988948650658
967,0.00040505852666683495
968,0.0005418108776211739
969,0.0005843911203555763
970,0.0004288042546249926
971,0.00032930378802120686
972,0.0003048174548894167
973,0.0005285591469146311
974,0.0002886687871068716
975,0.0005043686833232641
976,0.0004409386601764709
977,0.0002499672118574381
978,0.000454534514574334
979,0.000446296384325251
980,0.00036973704118281603
981,0.00043873186223208904
982,0.0005919671384617686
983,0.00032841210486367345
984,0.0001912714506033808
985,0.0004880214110016823
986,0.00034511095145717263
987,0.0003803906438406557
988,0.00026088161394000053
989,0.0005290239350870252
990,0.00043180075590498745
991,0.0003833062364719808
992,0.0004435366136021912
993,0.0005982206203043461
994,0.0006330556352622807
995,0.00034137864713557065
996,0.0005449106101877987
997,0.000323435349855572
998,0.0006310189492069185
999,0.0003128017415292561
1000,0.0004383054911158979
1001,0.0003507119254209101
1002,0.0002927730092778802
1003,0.00038239278364926577
1004,0.00027815549401566386
1005,0.0004607265582308173
1006,0.0004981678212061524
1007,0.0003578575560823083
1008,0.0006023747846484184
1009,0.0003473875985946506
1010,0.0004499994684010744
1011,0.00040041154716163874
1012,0.0003714599006343633
1013,0.0005800644285045564
1014,0.0003960057510994375
1015,0.00041015545139089227
1016,0.000409871427109465
1017,0.0006269658915698528
1018,0.00032129179453477263
1019,0.0001873400469776243
1020,0.000449779792688787
1021,0.0005989109631627798
1022,0.0004176876973360777
1023,0.00029377065948210657
1024,0.0002882751286961138
1025,0.000514552928507328
1026,0.0005642466712743044
1027,0.0005074949003756046
1028,0.00039808012661524117
1029,0.0002873197663575411
1030,0.000450580584583804
1031,0.0004204894066788256
1032,0.00032077060313895345
1033,0.00044245293247513473
1034,0.0004170723841525614
1035,0.00019928874098695815
1036,0.0003577970783226192
1037,0.0003467410570010543
1038,0.0004958597128279507
1039,0.00030109507497400045
1040,0.0002233036793768406
1041,0.0003531413967721164
1042,0.00046361092245206237
1043,0.0004554886254481971
1044,0.0005423584952950478
1045,0.00042610568925738335
1046,0.0003010595100931823
1047,0.0005117729306221008
1048,0.0005682720220647752
1049,0.00017263962945435196
1050,0.0005660838796757162
1051,0.0004071659641340375
1052,0.0004357611760497093
1053,0.0005062565905973315
1054,0.0005786820547655225
1055,0.0004545401898212731
1056,0.0002517946413718164
1057,0.00044083193643018603
1058,0.00041913610766641796
1059,0.0004679421545006335
1060,0.000394666101783514
1061,0.00030359355150721967
1062,0.0002436833456158638
1063,0.0005768719711340964
1064,0.0005174975958652794
1065,0.00033458793768659234
1066,0.00031607074197381735
1067,0.00032162864226847887
1068,0.0003415874671190977
1069,0.0002679654862731695
1070,0.00026604940649122
1071,0.0004704393504653126
1072,0.0005292659625411034
1073,0.00044536529458127916
1074,0.00038040915387682617
1075,0.000390852423151955
1076,0.0003203442320227623
1077,0.0003273178299423307
1078,0.000278289255220443
1079,0.0003282156540080905
1080,0.00033815630013123155
1081,0.0004097838536836207
1082,0.00024652245338074863
1083,0.0002757024485617876
1084,0.0004259772249497473
1085,0.00021578819723799825
1086,0.0003864805621560663
1087,0.00037759251426905394
1088,0.00027088774368166924
1089,0.0003115441359113902
1090,0.00046601786743849516
1091,0.000459718779893592
1092,0.00035373703576624393
1093,0.0004682554863393307
1094,0.0004590335884131491
1095,0.0003154333680868149
1096,0.00042991037480533123
1097,0.0002893413184210658
1098,0.00043904094491153955
1099,0.00043266965076327324
1100,0.0004721416626125574
1101,0.0004025984089821577
1102,0.0002980568096973002
1103,0.000397739524487406
1104,0.0005229223752394319
1105,0.00042575510451570153
1106,0.00023997446987777948
1107,0.0002689840621314943
1108,0.0003801747225224972
1109,0.00038181449053809047
1110,0.0003674685722216964
1111,0.00039208485395647585
1112,0.000419032818172127
1113,0.0004551625461317599
1114,0.0002575792605057359
1115,0.00026219661231152713
1116,0.00036690308479592204
1117,0.0004884736845269799
1118,0.00041765853529796004
1119,0.0004190725740045309
1120,0.0004439614713191986
1121,0.00038397061871364713
1122,0.00033937362604774535
1123,0.0002982941805385053
1124,0.00030288854031823575
1125,0.0005125097814016044
1126,0.0004794551059603691
1127,0.00031958980252966285
1128,0.0003321600379422307
1129,0.0005758483894169331
1130,0.0003706376883201301
1131,0.00034040724858641624
1132,0.0004328402574174106
1133,0.0004863199428655207
1134,0.0003586453676689416
1135,0.0004103441024199128
1136,0.0003533190756570548
1137,0.0003525521606206894
1138,0.0004616577352862805
1139,0.0004435439477674663
1140,0.00021962466416880488
1141,0.0004615585785359144
1142,0.00040189927676692605
1143,0.0002664402418304235
1144,0.0006337232189252973
1145,0.0003943447081837803
1146,0.00032325705979019403
1147,0.0006038835272192955
1148,0.00048370216973125935
1149,0.00029832113068550825
1150,0.00041031595901586115
1151,0.00032274756813421845
1152,0.0004887893446721137
1153,0.0003291221510153264
1154,0.000469005957711488
1155,0.0005587945925071836
1156,0.00044611276825889945
1157,0.00037528283428400755
1158,0.00045051838969811797
1159,0.00038183791912160814
1160,0.000340013240929693
1161,0.0005369407590478659
1162,0.0003951328108087182
1163,0.00042506781755946577
1164,0.0005336253670975566
1165,0.00022929863189347088
1166,0.00039316900074481964
1167,0.0003245073021389544
1168,0.0002483401622157544
1169,0.00039578002179041505
1170,0.0005433210753835738
1171,0.0004541248199529946
1172,0.0003581877099350095
1173,0.0004796075518243015
1174,0.0004744024481624365
1175,0.00042696797754615545
1176,0.0003569207910913974
1177,0.0005155058461241424
1178,0.00042318025953136384
1179,0.00034126199898310006
1180,0.00032031425507739186
1181,0.00016265155863948166
1182,0.00019187753787264228
1183,0.0005534091615118086
1184,0.0004020774213131517
1185,0.0004408262320794165
1186,0.00026540702674537897
1187,0.0005538365221582353
1188,0.0003761752450373024
1189,0.00042041699634864926
1190,0.00045627716463059187
1191,0.0003967156517319381
1192,0.0001581814867677167
1193,0.00027656732709147036
1194,0.00047463481314480305
1195,0.00040490945684723556
1196,0.0004165195277892053
1197,0.00048399518709629774
1198,0.0005767294205725193
1199,0.00037649169098585844
1200,0.0004912899457849562
1201,0.00030497764237225056
1202,0.0004509504360612482
1203,0.0004338524304330349
1204,0.00035220093559473753
1205,0.0004820868489332497
1206,0.0004482065560296178
1207,0.0004358431906439364
1208,0.000347283435985446
1209,0.0004977034986950457
1210,0.00040017988067120314
1211,0.00040981301572173834
1212,0.00025582651142030954
1213,0.0003473176038824022
1214,0.0005474785575643182
1215,0.00047320028534159064
1216,0.0005717789754271507
1217,0.0004010191187262535
1218,0.0005071521736681461
1219,0.000315735989715904
1220,0.0003523100749589503
1221,0.00045428131124936044
1222,0.00018783233826979995
1223,0.00036464445292949677
1224,0.0003061181341763586
1225,0.0003507835208438337
1226,0.00035168344038538635
1227,0.0005884967395104468
1228,0.0005200375453568995
1229,0.0005541878053918481
1230,0.0004274450184311718
1231,0.00019631092436611652
1232,0.00029277874273248017
1233,0.0004310208896640688
1234,0.00030271196737885475
1235,0.00048084132140502334
1236,0.0002460928517393768
1237,0.0005163884488865733
1238,0.0003362679562997073
1239,0.00045182215399108827
1240,0.00041401293128728867
1241,0.0005642587202601135
1242,0.0004565373819787055
1243,0.0003866766346618533
1244,0.0004551751771941781
1245,0.0004571014433167875
1246,0.0002773364831227809
1247,0.00024391771876253188
1248,0.00033701362553983927
1249,0.00044850807171314955
1250,0.0004085538676008582
1251,0.0005086991586722434
1252,0.0004384117783047259
1253,0.0004944914253428578
1254,0.0002939954283647239
1255,0.0003892979584634304
1256,0.00034036513534374535
1257,0.00022862135665491223
1258,0.0005415937048383057
1259,0.0003754657809622586
1260,0.00041839314508251846
1261,0.0004191210027784109
1262,0.00028614088660106063
1263,0.00024172067060135305
1264,0.0005962892901152372
1265,0.0005519659025594592
1266,0.00045550873619504273
1267,0.0003155215526930988
1268,0.0004948400892317295
1269,0.0002352658484596759
1270,0.0002384682884439826
1271,0.00039408120210282505
1272,0.0004749843501485884
1273,0.00023722373589407653
1274,0.0003983908100053668
1275,0.00046382343862205744
1276,0.0004111998132430017
1277,0.0004146994324401021
1278,0.0003872402885463089
1279,0.000462776399217546
1280,0.0003367794561199844
1281,0.0005930730840191245
1282,0.0003732304903678596
1283,0.00029578147223219275
1284,0.00035075098276138306
1285,0.0005397668574005365
1286,0.00017360298079438508
1287,0.0003797672688961029
1288,0.00015118156443350017
1289,0.0003499347367323935
1290,0.00038565730210393667
1291,0.00022392897517420352
1292,0.00039938223198987544
1293,0.0004499593051150441
1294,0.00038192604552023113
1295,0.0005237865261733532
1296,0.00035910619772039354
1297,0.0003320386167615652
1298,0.0003762931446544826
1299,0.00034271119511686265
1300,0.0005171826924197376
1301,0.00041193782817572355
1302,0.0003988159296568483
1303,0.0005287209642119706
1304,0.00038569775642827153
1305,0.00032960562384687364
1306,0.00020631351799238473
1307,0.0003327751182951033
1308,0.0003158167819492519
1309,0.0005245321663096547
1310,0.00030911870999261737
1311,0.00028563360683619976
1312,0.0002480807015672326
1313,0.00048179225996136665
1314,0.0004646700981538743
1315,0.000435530673712492
1316,0.00035943969851359725
1317,0.00022852543042972684
1318,0.00035599773400463164
1319,0.0004495003377087414
1320,0.00046529690735042095
1321,0.0003056397254113108
1322,0.00020421214867383242
1323,0.0005137268453836441
1324,0.0003605166857596487
1325,0.00040425642509944737
1326,0.00029791967244818807
1327,0.0003941451432183385
1328,0.000413083063904196
1329,0.0002568355412222445
1330,0.00019557843916118145
1331,0.00031127160764299333
1332,0.0004499055212363601
1333,0.00039601261960342526
1334,0.00030958870775066316
1335,0.0003996057203039527
1336,0.0003876640694215894
1337,0.000396594638004899
1338,0.0002144736936315894
1339,0.0004449233238119632
1340,0.00024231102725025266
1341,0.0004462676006369293
1342,0.00016763067105785012
1343,0.0005862878751941025
1344,0.00030349288135766983
1345,0.00042806612327694893
1346,0.00045908812899142504
1347,0.0005395826883614063
1348,0.00037959497421979904
1349,0.0003400301211513579
1350,0.00033958841231651604
1351,0.0004166503786109388
1352,0.0003451901429798454
1353,0.00022942583018448204
1354,0.00026064913254231215
1355,0.00036633043782785535
1356,0.00032198952976614237
1357,0.00036749421269632876
1358,0.0004580221720971167
1359,0.00040008046198636293
1360,0.00025941425701603293
1361,0.0003225144755560905
1362,0.0005157199921086431
1363,0.00039161366294138134
1364,0.00037600003997795284
1365,0.00045541246072389185
1366,0.0003638981725089252
1367,0.0004664144944399595
1368,0.00019340378639753908
1369,0.0003648729179985821
1370,0.0003426728071644902
1371,0.00016525403771083802
1372,0.0002894485369324684
1373,0.0003386306343600154
1374,0.00028160130023024976
1375,0.00038520043017342687
1376,0.0003275989438407123
1377,0.0002823398099280894
1378,0.000562849803827703
1379,0.00044401397462934256
1380,0.0003218866477254778
1381,0.00026076968060806394
1382,0.0002702249039430171
1383,0.0004006719100289047
1384,0.0004974650801159441
1385,0.00029919311054982245
1386,0.0005709849647246301
1387,0.0004762625030707568
1388,0.00037409027572721243
1389,0.00036296836333349347
1390,0.000354886578861624
1391,0.0003807409084402025
1392,0.0003176922327838838
1393,0.00044410882401280105
1394,0.0004567059804685414
1395,0.00047717354027554393
1396,0.0004903134540654719
1397,0.0004141680255997926
1398,0.00028718303656205535
1399,0.00039175889105536044
1400,0.000495756568852812
1401,0.000425748061388731
1402,0.00044591660844162107
1403,0.0003962220507673919
1404,0.00021309884323272854
1405,0.00040596083272248507
1406,0.0002863247354980558
1407,0.00024079692957457155
1408,0.0002021248365053907
1409,0.00020388928533066064
1410,0.0004471686843317002
1411,0.0003397586406208575
1412,0.00045812796452082694
1413,0.0003292787878308445
1414,0.0005090329796075821
1415,0.00044097728095948696
1416,0.00036591870593838394
1417,0.0002788882702589035
1418,0.00037445162888616323
1419,0.0003798189864028245
1420,0.00032900291262194514
1421,0.0003650716389529407
1422,0.00014855031622573733
1423,0.0002804122632369399
1424,0.00028150525758974254
1425,0.0002659424499142915
1426,0.00037399400025606155
1427,0.00039547402411699295
1428,0.00017717709124553949
1429,0.0003573878202587366
1430,0.00024755956837907434
1431,0.0003222533268854022
1432,0.00031499110627919436
1433,0.0003308051382191479
1434,0.0003040247829630971
1435,0.00027568379300646484
1436,0.0004174366476945579
1437,0.00037428486393764615
1438,0.0004309207433834672
1439,0.00032555731013417244
1440,0.00046250212471932173
1441,0.00022225940483622253
1442,0.0003394956875126809
1443,0.00026715153944678605
1444,0.0003979922039434314
1445,0.000286692549707368
1446,0.00027036393294110894
1447,0.00034995359601452947
1448,0.0005359411588869989
1449,0.00018873237422667444
1450,0.00036511942744255066
1451,0.00023313486599363387
1452,0.0003517617587931454
1453,0.00033182004699483514
1454,0.0005494308425113559
1455,0.0003662105882540345
1456,0.0004894945304840803
1457,0.0003492760006338358
1458,0.00032899429788812995
1459,0.00026705057825893164
1460,0.00028799549909308553
1461,0.0004899640334770083
1462,0.00024598900927230716
1463,0.0004641207051463425
1464,0.0004524161049630493
1465,0.0005206493078731
1466,0.0003027442144230008
1467,0.0003295450587756932
1468,0.00048639305168762803
1469,0.0003935039567295462
1470,0.0004912374424748123
1471,0.00040566216921433806
1472,0.00040193225140683353
1473,0.0003209362621419132
1474,0.00032339789322577417
1475,0.00030985104967840016
1476,0.0003119237662758678
1477,0.00020327845413703471
1478,0.00025475764414295554
1479,0.00033364351838827133
1480,0.00024901365395635366
1481,0.00016359469736926258
1482,0.0003816746757365763
1483,0.00042949029011651874
1484,0.00038132487679831684
1485,0.0002434431662550196
1486,0.0003969868994317949
1487,0.0001595138164702803
1488,0.00023654589313082397
1489,0.00040251718019135296
1490,0.00032160693081095815
1491,0.000384164770366624
1492,0.0004565236740745604
1493,0.0004125128616578877
1494,0.0002600883599370718
1495,0.00032701590680517256
1496,0.00013105111429467797
1497,0.0004070847062394023
1498,0.0002787020639516413
1499,0.0005128122284077108
1500,0.00043880875455215573
1501,0.00029254466062411666
1502,0.00027844656142406166
1503,0.0004973673494532704
1504,0.0003585957456380129
1505,0.00038680306170135736
1506,0.00032444961834698915
1507,0.0005076987436041236
1508,0.00032785633811727166
1509,0.0003351173654664308
1510,0.0003637607442215085
1511,0.0004946202388964593
1512,0.00039223022758960724
1513,0.0003632407169789076
1514,0.0002594471152406186
1515,0.0003174982557538897
1516,0.0005427456926554441
1517,0.00042909436160698533
1518,0.0006036354461684823
1519,0.00040094234282150865
1520,0.00028569609276019037
1521,0.000432628788985312
1522,0.00038496992783620954
1523,0.00025432498659938574
1524,0.0002308627008460462
1525,0.0002992147929035127
1526,0.00046991341514512897
1527,0.000373455579392612
1528,0.0002399111690465361
1529,0.0003742423141375184
1530,0.00039317834307439625
1531,0.00030121218878775835
1532,0.0003749860916286707
1533,0.0003730759199243039
1534,0.00022422046458814293
1535,0.0003060820745304227
1536,0.00018205950618721545
1537,0.0003363095747772604
1538,0.0002649982925504446
1539,0.000627663335762918
1540,0.0003127584350295365
1541,0.0003999413747806102
1542,0.00037611162406392395
1543,0.00046438188292086124
1544,0.00036528214695863426
1545,0.00035369236138649285
1546,0.0002859408559743315
1547,0.0004520990187302232
1548,0.0002793534949887544
1549,0.0002739804331213236
1550,0.0002346643595956266
1551,0.00035103349364362657
1552,0.00037046216311864555
1553,0.0005251763504929841
1554,0.00015683344099670649
1555,0.0003763740533031523
1556,0.0003527541412040591
1557,0.0004124831175431609
1558,0.00027334250626154244
1559,0.0004149501910433173
1560,0.00037885899655520916
1561,0.0004819727619178593
1562,0.0003890761872753501
1563,0.00039055562228895724
1564,0.00038784518255852163
1565,0.00032844458473846316
1566,0.00047167798038572073
1567,0.00041920991498045623
1568,0.00035948201548308134
1569,0.00031438280711881816
1570,0.00030243664514273405
1571,0.00042709827539511025
1572,0.00037362895091064274
1573,0.0003167969116475433
1574,0.00024276500334963202
1575,0.00024256217875517905
1576,0.0004042878281325102
1577,0.0004083810781594366
1578,0.00036581308813765645
1579,0.00034526208764873445
1580,0.00047282635932788253
1581,0.00027883274015039206
1582,0.00030155768035911024
1583,0.00038997913361527026
1584,0.0003842487349174917
1585,0.0003537083393894136
1586,0.000360489240847528
1587,0.00016013550339266658
1588,0.0003256143827456981
1589,0.00031718541868031025
1590,0.0004342335741966963
1591,0.00031874459818936884
1592,0.000383423495804891
1593,0.0004061624640598893
1594,0.00037071757833473384
1595,0.0005245086504146457
1596,0.00041822093771770597
1597,0.00030980200972408056
1598,0.0003909364459104836
1599,0.00026638846611604095
1600,0.0004967121058143675
1601,0.0003025255282409489
1602,0.0003404598101042211
1603,0.0003074873238801956
1604,0.00033337221248075366
1605,0.00042908190516754985
1606,0.00036140656447969377
1607,0.00024311788729391992
1608,0.00040750327752903104
1609,0.0002778557245619595
1610,0.000403486454160884
1611,0.0004932340234518051
1612,0.0004369603702798486
1613,0.00033210025867447257
1614,0.0004633953794836998
1615,0.00045066638267599046
1616,0.00037555210292339325
1617,0.00027296904590912163
1618,0.0003357215318828821
1619,0.0003132494166493416
1620,0.00037862337194383144
1621,0.0003131557605229318
1622,0.0002690112451091409
1623,0.00022729158808942884
1624,0.00026735555729828775
1625,0.0003613102890085429
1626,0.00027513501117937267
1627,0.00019268374308012426
1628,0.00016417642473243177
1629,0.00047709187492728233
1630,0.00044860265916213393
1631,0.0004045943496748805
1632,0.00040323263965547085
1633,0.0003997152089141309
1634,0.0003934816049877554
1635,0.000279612053418532
1636,0.00029389557312242687
1637,0.00032552782795391977
1638,0.0004083419917151332
1639,0.00036808167351409793
1640,0.00042484255391173065
1641,0.00040058873128145933
1642,0.0003991830162703991
1643,0.00016762601444497705
1644,0.0004674498050007969
1645,0.00027597579173743725
1646,0.00029939512023702264
1647,0.0003982674388680607
1648,0.0004470448475331068
1649,0.0002723367651924491
1650,0.0004134111513849348
1651,0.00037742385757155716
1652,0.00046832425869069993
1653,0.00032856460893526673
1654,0.0003135100123472512
1655,0.00029441359220072627
1656,0.00024124898482114077
1657,0.0003438379499129951
1658,0.0005034590722061694
1659,0.000351296563167125
1660,0.00040435476694256067
1661,0.00026036129565909505
1662,0.000467546284198761
1663,0.0002530998317524791
1664,0.000312054151436314
1665,0.0002695039438549429
1666,0.0004243165603838861
1667,0.0005863344995304942
1668,0.0004119363147765398
1669,0.00044121156679466367
1670,0.00024813073105178773
1671,0.0002548129123169929
1672,0.0004204793949611485
1673,0.0005008229636587203
1674,0.00045096647227182984
1675,0.0006076516583561897
1676,0.0002966688189189881
1677,0.00032388814724981785
1678,0.0003943214542232454
1679,0.00036357465432956815
1680,0.00033779593650251627
1681,0.00037134240847080946
1682,0.00036686460953205824
1683,0.0003785518929362297
1684,0.0003944575728382915
1685,0.00037476979196071625
1686,0.0003882306918967515
1687,0.0003886908816639334
1688,0.00021339223894756287
1689,0.00043788697803393006
1690,0.0003601222997531295
1691,0.00023390623391605914
1692,0.00029856566106900573
1693,0.0006121920887380838
1694,0.00024831644259393215
1695,0.00027862394927069545
1696,0.0003855174290947616
1697,0.0003714165650308132
1698,0.00026203127345070243
1699,0.0003545674553606659
1700,0.00046703906264156103
1701,0.0005823801038786769
1702,0.0003278274671174586
1703,0.00034570135176181793
1704,0.0003910711675416678
1705,0.0004371275135781616
1706,0.0004322726745158434
1707,0.00020247766224201769
1708,0.00029376050224527717
1709,0.0003969314566347748
1710,0.00035174921504221857
1711,0.0006005780305713415
1712,0.00036537638516165316
1713,0.0004982001264579594
1714,0.0005412435857579112
1715,0.0004058343474753201
1716,0.00024643418146297336
1717,0.000356995384208858
1718,0.0002591641969047487
1719,0.00028970398125238717
1720,0.0005263509810902178
1721,0.00035233370726928115
1722,0.0003779286635108292
1723,0.0005178514402359724
1724,0.0004214595246594399
1725,0.00038314907578751445
1726,0.0003277715586591512
1727,0.00031330622732639313
1728,0.0002154212270397693
1729,0.0004250624915584922
1730,0.0002411668247077614
1731,0.0003996618324890733
1732,0.00019324633467476815
1733,0.00030696525936946273
1734,0.00021633465075865388
1735,0.0003456287959124893
1736,0.00048112886724993587
1737,0.00028905487852171063
1738,0.0003103964845649898
1739,0.0002713945577852428
1740,0.00032112482585944235
1741,0.00022829622321296483
1742,0.00031238142400979996
1743,0.0003900564042851329
1744,0.00020984516595490277
1745,0.00023568180040456355
1746,0.00027572744875214994
1747,0.0002346013206988573
1748,0.0003893121029250324
1749,0.00022640170936938375
1750,0.0002609764924272895
1751,0.00022603913384955376
1752,0.00038593122735619545
1753,0.0002955711097456515
1754,0.00038107295404188335
1755,0.00021638574253302068
1756,0.00034822721499949694
1757,0.0005641193129122257
1758,0.00027752789901569486
1759,0.00047192053170874715
1760,0.00019804936891887337
1761,0.0002564222668297589
1762,0.0004363293992355466
1763,0.0005050995387136936
1764,0.00030937654082663357
1765,0.0003743720590136945
1766,0.00030108049395494163
1767,0.0003280797100160271
1768,0.0006269121658988297
1769,0.00038383930223062634
1770,0.00020162966393399984
1771,0.00033632107079029083
1772,0.0003362171701155603
1773,0.00035422213841229677
1774,0.00026943007833324373
1775,0.0004597579245455563
1776,0.0002855833154171705
1777,0.00044504657853394747
1778,0.0002325622335774824
1779,0.0003428921045269817
1780,0.00031324115116149187
1781,0.00028215491329319775
1782,0.00027329998556524515
1783,0.00043952689156867564
1784,0.0002483680145815015
1785,0.0003331615589559078
1786,0.0002603005850687623
1787,0.00035971711622551084
1788,0.0003579177428036928
1789,0.0005352882435545325
1790,0.00026900216471403837
1791,0.00041844468796625733
1792,0.0004034529556520283
1793,0.00027339468942955136
1794,0.0004243588191457093
1795,0.0005744859809055924
1796,0.00032312533585354686
1797,0.0003014311078004539
1798,0.0002493458741810173
1799,0.0005936127854511142
1800,0.00036089314380660653
1801,0.0004103607789147645
1802,0.00037989544216543436
1803,0.0004459436167962849
1804,0.0004167854494880885
1805,0.0003770406765397638
1806,0.00031632636091671884
1807,0.0002736889000516385
1808,0.00028660648968070745
1809,0.00035456876503303647
1810,0.00030219112522900105
1811,0.000440116913523525
1812,0.00028647997532971203
1813,0.0003051502862945199
1814,0.0002736559836193919
1815,0.0002869480231311172
1816,0.0003711004392243922
1817,0.00030194944702088833
1818,0.00037173263262957335
1819,0.00020821139332838356
1820,0.00040505017386749387
1821,0.0003745868743862957
1822,0.0003650471044238657
1823,0.0003286419087089598
1824,0.00029032042948529124
1825,0.0003657264751382172
1826,0.00033614752464927733
1827,0.0004100996011402458
1828,0.00039807314169593155
1829,0.0003823284641839564
1830,0.00045425808639265597
1831,0.000319798884447664
1832,0.00036318047204986215
1833,0.00020066776778548956
1834,0.00036813211045227945
1835,0.0005952149513177574
1836,0.0004583303234539926
1837,0.0004870092961937189
1838,0.0003852395457215607
1839,0.0003729371237568557
1840,0.0004602614790201187
1841,0.0004863491340074688
1842,0.0005736513994634151
1843,0.0003182120271958411
1844,0.0003387078468222171
1845,0.00026335008442401886
1846,0.00032039175857789814
1847,0.0003509758389554918
1848,0.00019873224664479494
1849,0.0003315985668450594
1850,0.000491071492433548
1851,0.00035512508475221694
1852,0.0004789663362316787
1853,0.0003491492825560272
1854,0.0003298952942714095
1855,0.00032590306363999844
1856,0.00034513772698119283
1857,0.00030182208865880966
1858,0.000402680947445333
1859,0.00020309165120124817
1860,0.000491926446557045
1861,0.00033644872019067407
1862,0.0002561089349910617
1863,0.00035881312214769423
1864,0.0005247428780421615
1865,0.0005007550353184342
1866,0.00026203077868558466
1867,0.0002554628881625831
1868,0.0004617340164259076
1869,0.0003387088654562831
1870,0.00038217526162043214
1871,0.0003645723918452859
1872,0.00024644273798912764
1873,0.00030869810143485665
1874,0.0005122141446918249
1875,0.00037007941864430904
1876,0.00029533723136410117
1877,0.0003667447599582374
1878,0.00041877111652866006
1879,0.00038215963286347687
1880,0.0004818200832232833
1881,0.00025993413873948157
1882,0.0004094567848369479
1883,0.00029389362316578627
1884,0.00026924622943624854
1885,0.00023563420108985156
1886,0.0004808792727999389
1887,0.0003239103825762868
1888,0.00043218169594183564
1889,0.00037814510869793594
1890,0.00044502431410364807
1891,0.0002141713339369744
1892,0.0005996723775751889
1893,0.0005470429314300418
1894,0.0003169240662828088
1895,0.0003288206644356251
1896,0.0002792763407342136
1897,0.00038852542638778687
1898,0.00026433507446199656
1899,0.00029120093677192926
1900,0.0004130664747208357
1901,0.00034191241138614714
1902,0.0005688898963853717
1903,0.0003089086967520416
1904,0.00037473064730875194
1905,0.0003396598622202873
1906,0.0004653276992030442
1907,0.000525756913702935
1908,0.00031784825841896236
1909,0.00036427524173632264
1910,0.00016326270997524261
1911,0.00031731772469356656
1912,0.00023294675338547677
1913,0.0004675377276726067
1914,0.00022445384820457548
1915,0.0003897215356118977
1916,0.00045588999637402594
1917,0.00043305239523760974
1918,0.00040834234096109867
1919,0.00030459280242212117
1920,0.000509006786160171
1921,0.00039126002229750156
1922,0.000243525137193501
1923,0.0005677096778526902
1924,0.0002490758488420397
1925,0.0003014352696482092
1926,0.00020488824520725757
1927,0.000419961113948375
1928,0.0004197809612378478
1929,0.00032865340472199023
1930,0.0003417970146983862
1931,0.0004376459983177483
1932,0.0003495065029710531
1933,0.0003489756491035223
1934,0.0004068403213750571
1935,0.0004164312849752605
1936,0.0003087395743932575
1937,0.00032667405321262777
1938,0.00034966878592967987
1939,0.00030085048638284206
1940,0.00037348706973716617
1941,0.0005567953339777887
1942,0.0002588450151961297
1943,0.00030583515763282776
1944,0.00028217313229106367
1945,0.0003897814895026386
1946,0.00035289034713059664
1947,0.0003266488201916218
1948,0.0003766687004826963
1949,0.0002769625571090728
1950,0.0002866184222511947
1951,0.0005441439570859075
1952,0.00034529861295595765
1953,0.0004305270849727094
1954,0.000344343512551859
1955,0.0003895599511452019
1956,0.00037920192698948085
1957,0.0002990880166180432
1958,0.0003505467902868986
1959,0.00032224165624938905
1960,0.0004124377737753093
1961,0.000246367504587397
1962,0.00044185295701026917
1963,0.00036565863410942256
1964,0.00031990831485018134
1965,0.00033928576158359647
1966,0.00030322757083922625
1967,0.00036877411184832454
1968,0.000309733091853559
1969,0.00021029947674833238
1970,0.00036511773942038417
1971,0.0003091412945650518
1972,0.00025722768623381853
1973,0.0004428681859280914
1974,0.00038815836887806654
1975,0.00029366830131039023
1976,0.0003177744511049241
1977,0.0004341829917393625
1978,0.00043812289368361235
1979,0.00028872216353192925
1980,0.00035763875348493457
1981,0.0001805530919227749
1982,0.00030464044539257884
1983,0.00022944543161429465
1984,0.0005171258235350251
1985,0.00038974377093836665
1986,0.0004097160417586565
1987,0.0004024068475700915
1988,0.00038019040948711336
1989,0.00037361192516982555
1990,0.00025211990578100085
1991,0.0003843180020339787
1992,0.0002606817288324237
1993,0.0003702524700202048
1994,0.0004459464689716697
1995,0.00036070740316063166
1996,0.00015120147145353258
1997,0.0004947312409058213
1998,0.0004489594721235335
1999,0.0003184244269505143
2000,0.00020396561012603343
2001,0.00040001209708862007
2002,0.00045562672312371433
2003,0.00027809967286884785
2004,0.0004317224374972284
2005,0.0003957552253268659
2006,0.0003840229765046388
2007,0.00038146181032061577
2008,0.00042078655678778887
2009,0.00036376595380716026
2010,0.0002589439391158521
2011,0.0004057426122017205
2012,0.00038048543501645327
2013,0.0003438217390794307
2014,0.00040254503255710006
2015,0.0003690118028316647
2016,0.000319045182550326
2017,0.00032988761086016893
2018,0.00019508207333274186
2019,0.0005704131326638162
2020,0.00041571204201318324
2021,0.0003778287209570408
2022,0.00034626148408278823
2023,0.00043659500079229474
2024,0.0003049891092814505
2025,0.0002552714722696692
2026,0.0003360161208547652
2027,0.00037500463076867163
2028,0.0004255985259078443
2029,0.0004734670801553875
2030,0.0004122132668271661
2031,0.00033528590574860573
2032,0.00042082101572304964
2033,0.00036995840491726995
2034,0.00021619151812046766
2035,0.0004975153715349734
2036,0.00037982227513566613
2037,0.0003420524299144745
2038,0.00022988379350863397
2039,0.0003183123772032559
2040,0.0002426307910354808
2041,0.0002993170637637377
2042,0.00026144066941924393
2043,0.00023212155792862177
2044,0.000329428119584918
2045,0.00035377079620957375
2046,0.0003410730860196054
2047,0.0003850070934277028
2048,0.00044063269160687923
2049,0.0001991300960071385
2050,0.00042501906864345074
2051,0.0003563526552170515
2052,0.00037275656359270215
2053,0.00038052594754844904
2054,0.00045434682397171855
2055,0.0002973828522954136
2056,0.0004233921063132584
2057,0.0004162894038017839
2058,0.0002687220403458923
2059,0.00039864840800873935
2060,0.000405954837333411
2061,0.00023854747996665537
2062,0.00033371231984347105
2063,0.00035200949059799314
2064,0.00032874158932827413
2065,0.0005894730566069484
2066,0.0004712063237093389
2067,0.00027501408476382494
2068,0.0003578391042537987
2069,0.00038053328171372414
2070,0.00038890994619578123
2071,0.0004876760649494827
2072,0.0005324515514075756
2073,0.00024664850207045674
2074,0.0005290722474455833
2075,0.00042652495903894305
2076,0.0002020333195105195
2077,0.0005060012335889041
2078,0.00021289083815645427
2079,0.0003763360728044063
2080,0.00019015962607227266
2081,0.00026254879776388407
2082,0.0002669848327059299
2083,0.00029506065766327083
2084,0.00034913833951577544
2085,0.00029758427990600467
2086,0.00021905655739828944
2087,0.00031231140019372106
2088,0.0003480149316601455
2089,0.00030582089675590396
2090,0.000289763294858858
2091,0.00045848818263038993
2092,0.00030270215938799083
2093,0.0003839186974801123
2094,0.0003233430616091937
2095,0.000382500933483243
2096,0.00035101803950965405
2097,0.0003186028334312141
2098,0.000240975059568882
2099,0.00041655293898656964
2100,0.00022931944113224745
2101,0.0002506501041352749
2102,0.00036769354483112693
2103,0.0003706894349306822
2104,0.0004392832051962614
2105,0.0004383320629131049
2106,0.00018885705503635108
2107,0.0005424619885161519
2108,0.0002556426334194839
2109,0.0003144683432765305
2110,0.00026796560268849134
2111,0.0002467741724103689
2112,0.00040300434920936823
2113,0.00036899346741847694
2114,0.0002322798827663064
2115,0.00038251944351941347
2116,0.000426783983130008
2117,0.00029036388150416315
2118,0.00020448467694222927
2119,0.000392587564419955
2120,0.0004927199915982783
2121,0.0002901158295571804
2122,0.0005267916130833328
2123,0.0003549700486473739
2124,0.0005210918025113642
2125,0.0002924226864706725
2126,0.0004152244655415416
2127,0.0005074086366221309
2128,0.00026354839792475104
2129,0.0003307160804979503
2130,0.0004734654794447124
2131,0.00041074049659073353
2132,0.00033474425435997546
2133,0.0003660932998172939
2134,0.00036123182508163154
2135,0.000459787726867944
2136,0.0002331267751287669
2137,0.00034010695526376367
2138,0.00030896783573552966
2139,0.00063378328923136
2140,0.00044580307439900935
2141,0.0003867334744427353
2142,0.0002979288110509515
2143,0.0003529559471644461
2144,0.00046648451825603843
2145,0.00028720300178974867
2146,0.00032581877894699574
2147,0.0003811617789324373
2148,0.0003746146976482123
2149,0.0004265426250640303
2150,0.0002937903627753258
2151,0.00027804423007182777
2152,0.0003684115072246641
2153,0.0003716512001119554
2154,0.00022451445693150163
2155,0.000333233765559271
2156,0.0003189863928128034
2157,0.0002923844731412828
2158,0.00035071003367193043
2159,0.00036286283284425735
2160,0.00021606138034258038
2161,0.00035942296381108463
2162,0.00033457594690844417
2163,0.00027378220693208277
2164,0.00034287289599888027
2165,0.000487701065139845
2166,0.00028288946487009525
2167,0.00029107904992997646
2168,0.000255922059295699
2169,0.0002971547073684633
2170,0.00034465675707906485
2171,0.00029294320847839117
2172,0.000384394807042554
2173,0.00043235591147094965
2174,0.0005163467139936984
2175,0.00029116589576005936
2176,0.0002752635919023305
2177,0.00035279622534289956
2178,0.0004886892274953425
2179,0.00042016670340672135
2180,0.0005479466635733843
2181,0.0003283232217654586
2182,0.00045910599874332547
2183,0.000447978702140972
2184,0.0003459386061877012
2185,0.00035583446151576936
2186,0.00035554214264266193
2187,0.000284982961602509
2188,0.0004405350482556969
2189,0.000337082426995039
2190,0.0004910664283670485
2191,0.0003106185467913747
2192,0.0002514924854040146
2193,0.0003655625623650849
2194,0.0003148198302369565
2195,0.0002417369105387479
2196,0.00033912298385985196
2197,0.00033083383459597826
2198,0.00017733266577124596
2199,0.00030376564245671034
2200,0.00026998232351616025
2201,0.00023364815569948405
2202,0.00025878194719552994
2203,0.00039364336407743394
2204,0.0004527410492300987
2205,0.0005108145996928215
2206,0.0003745177236851305
2207,0.0003743079141713679
2208,0.00030998658621683717
2209,0.00033490691566839814
2210,0.00037993217119947076
2211,0.0004461718490347266
2212,0.0005213547265157104
2213,0.0003819019766524434
2214,0.0002887948649004102
2215,0.00020180325373075902
2216,0.0003625570680014789
2217,0.00032020662911236286
2218,0.0003287888248451054
2219,0.0005195229896344244
2220,0.00036490673664957285
2221,0.0003705761628225446
2222,0.0003494986449368298
2223,0.00037564357626251876
2224,0.0003540438483469188
2225,0.0002464193385094404
2226,0.00026741798501461744
2227,0.00022089948470238596
2228,0.000347293505910784
2229,0.0002650927344802767
2230,0.00017468933947384357
2231,0.00019873543351422995
2232,0.0003357952809892595
2233,0.0003242763923481107
2234,0.00038931419840082526
2235,0.0003290797467343509
2236,0.0002855106140486896
2237,0.0004526773118413985
2238,0.0003418989945203066
2239,0.0002471686457283795
2240,0.00041018688352778554
2241,0.00015436019748449326
2242,0.00031957810278981924
2243,0.000416917959228158
2244,0.00041598582174628973
2245,0.00031489026150666177
2246,0.00022295440430752933
2247,0.00044644682202488184
2248,0.0003732619807124138
2249,0.00020278865122236311
2250,0.00018895129323937
2251,0.0003292503533884883
2252,0.0003908724174834788
2253,0.00036147914943285286
2254,0.0004315006372053176
2255,0.00036528671626001596
2256,0.0003272435860708356
2257,0.0005029113963246346
2258,0.000357332406565547
2259,0.00042350016883574426
2260,0.0005124781746417284
2261,0.00023085266002453864
2262,0.00024726666742935777
2263,0.0002889441966544837
2264,0.00037074065767228603
2265,0.00040845078183338046
2266,0.0003046029305551201
2267,0.0003387322067283094
2268,0.00015766973956488073
2269,0.00036973413079977036
2270,0.0005361305084079504
2271,0.0001797993027139455
2272,0.0004778119910042733
2273,0.0003392741782590747
2274,0.00029611060745082796
2275,0.0004048515111207962
2276,0.00034972233697772026
2277,0.0003319832612760365
2278,0.0003776411176659167
2279,0.0005123273003846407
2280,0.0005086970049887896
2281,0.00035514053888618946
2282,0.00033308021374978125
2283,0.00035748034133575857
2284,0.0004075581964571029
2285,0.00026755884755402803
2286,0.00027989293448626995
2287,0.00034877186408266425
2288,0.0003890088992193341
2289,0.000397083698771894
2290,0.00019461935153231025
2291,0.00024593021953478456
2292,0.00021972811373416334
2293,0.000282818335108459
2294,0.00035606857272796333
2295,0.0003058917063754052
2296,0.0003518935409374535
2297,0.00032969791209325194
2298,0.00023413686722051352
2299,0.0003890612570103258
2300,0.00034104310907423496
2301,0.0003934621636290103
2302,0.0004922750522382557
2303,0.0003057239227928221
2304,0.0003262508544139564
2305,0.0003797798417508602
2306,0.0003729340969584882
2307,0.0003524386265780777
2308,0.0004898432525806129
2309,0.00030844510183669627
2310,0.00029678631108254194
2311,0.00019071764836553484
2312,0.00028388999635353684
2313,0.00031092448625713587
2314,0.0003193176235072315
2315,0.00022980867652222514
2316,0.0004951136070303619
2317,0.00036694254959002137
2318,0.0003405820461921394
2319,0.00039760617073625326
2320,0.0003800183767452836
2321,0.0003131575940642506
2322,0.00015722744865342975
2323,0.0004911908181384206
2324,0.00033333536703139544
2325,0.000380225304979831
2326,0.0003267552820034325
2327,0.0003813164075836539
2328,0.00022088813420850784
2329,0.0002781218499876559
2330,0.0002843292022589594
2331,0.00024899502750486135
2332,0.00040799626731313765
2333,0.0001954802719410509
2334,0.0004031799908261746
2335,0.0005610334919765592
2336,0.00041535188211128116
2337,0.00030139501905068755
2338,0.0004652731877285987
2339,0.0003089190577156842
2340,0.00032804603688418865
2341,0.0004052059957757592
2342,0.000343671184964478
2343,0.0002187833160860464
2344,0.0004225878219585866
2345,0.00033274624729529023
2346,0.00024159043096005917
2347,0.00037656701169908047
2348,0.0003235665790271014
2349,0.00035754661075770855
2350,0.00036395140341483057
2351,0.00022421611356548965
2352,0.0003016217960976064
2353,0.0002589087816886604
2354,0.0003816148382611573
2355,9.369188046548516e-05
2356,0.00026551407063379884
2357,0.00035009876592084765
2358,0.00019056940800510347
2359,0.0004308348288759589
2360,0.0004462217912077904
2361,0.00026730267563834786
2362,0.00044435542076826096
2363,0.0004413579008542001
2364,0.000379914854420349
2365,0.0004416772862896323
2366,0.0003322131233289838
2367,0.00031291740015149117
2368,0.0002722089411690831
2369,0.00045532063813880086
2370,0.000401302328100428
2371,0.0002892065094783902
2372,0.00038315472193062305
2373,0.000383564067305997
2374,0.000447177910245955
2375,0.0005139969289302826
2376,0.00038069195579737425
2377,0.00025141373043879867
2378,0.000351591850630939
2379,0.000404922291636467
2380,0.0004795877612195909
2381,0.00036088709020987153
2382,0.00033785734558478
2383,0.0003044796467293054
2384,0.00025063901557587087
2385,0.0005506540182977915
2386,0.00031113115255720913
2387,0.00040735257789492607
2388,0.0002723309735301882
2389,0.00032985146390274167
2390,0.00030253795557655394
2391,0.00038905508699826896
2392,0.00026711076498031616
2393,0.00024105464399326593
2394,0.00040615079342387617
2395,0.00038489745929837227
2396,0.0002653284464031458
2397,0.00023544213036075234
2398,0.0003018529387190938
2399,0.0003819374251179397
2400,0.00027759134536609054
2401,0.0003494977136142552
2402,0.0002618883445393294
2403,0.0002525696763768792
2404,0.00031397133716382086
2405,0.00029274518601596355
2406,0.00027760135708376765
2407,0.0004483720113057643
2408,0.00032559799728915095
2409,0.0004557108331937343
2410,0.0004577926592901349
2411,0.0003663676616270095
2412,0.0004193656495772302
2413,0.00013949282583780587
2414,0.00018346754950471222
2415,0.00032157672103494406
2416,0.0003824674349743873
2417,0.00033619318855926394
2418,0.00035542386467568576
2419,0.000340053258696571
2420,0.00027082680026069283
2421,0.0004216629022266716
2422,0.0004000921326223761
2423,0.0003544946666806936
2424,0.00028750544879585505
2425,0.0005285937804728746
2426,0.00045700144255533814
2427,0.0004055455210618675
2428,0.0003121314221061766
2429,0.0002965542662423104
2430,0.0003932318650186062
2431,0.00018240386270917952
2432,0.00040257879300042987
2433,0.000510611804202199
2434,0.0002988280903082341
2435,0.0003960882022511214
2436,0.00042854537605307996
2437,0.00035818101605400443
2438,0.00029975964571349323
2439,0.0002725163649301976
2440,0.00042767953709699214
2441,0.0002531168865971267
2442,0.0003522439510561526
2443,0.000333793752361089
2444,0.0003482827451080084
2445,0.0006243367679417133
2446,0.00040089531103149056
2447,0.0004007498500868678
2448,0.00027277437038719654
2449,0.00043646787526085973
2450,0.0003431802033446729
2451,0.0003066124045290053
2452,0.0002907246525865048
2453,0.0003181403153575957
2454,0.00033357078791595995
2455,0.0004012960125692189
2456,0.00027795624919235706
2457,0.00030941664590500295
2458,0.00018349685706198215
2459,0.0002888657618314028
2460,0.0002583064488135278
2461,0.0004064368549734354
2462,0.0003778848913498223
2463,0.00042429997120052576
2464,0.00023929349845275283
2465,0.00017352600116282701
2466,0.0004441257915459573
2467,0.0004458405892364681
2468,0.00030597468139603734
2469,0.00025953532895073295
2470,0.0003929275553673506
2471,0.0005048953462392092
2472,0.0005171964876353741
2473,0.0005064089200459421
2474,0.00042497768299654126
2475,0.000491120561491698
2476,0.0003553188871592283
2477,0.00032599392579868436
2478,0.0003567079547792673
2479,0.00030610570684075356
2480,0.0006120087346062064
2481,0.00039042660500854254
2482,0.0002811620361171663
2483,0.0005176506820134819
2484,0.00034417485585436225
2485,0.0003436504048295319
2486,0.00036115868715569377
2487,0.0004841375630348921
2488,0.000424237921833992
2489,0.00035090948222205043
2490,0.0005644210614264011
2491,0.00029108364833518863
2492,0.0005258745513856411
2493,0.0004898002371191978
2494,0.000250769779086113
2495,0.00041416846215724945
2496,0.0002777631161734462
2497,0.00043547438690438867
2498,0.0002678089076653123
2499,0.00043734360951930285
2500,0.0004206006124150008
2501,0.00036675191950052977
2502,0.0003557419986464083
2503,0.00036091922083869576
2504,0.000357935787178576
2505,0.0003494721313472837
2506,0.00033508753404021263
2507,0.0002939892001450062
2508,0.0004383089253678918
2509,0.00027023738948628306
2510,0.0003457079583313316
2511,0.00047658057883381844
2512,0.00042736309114843607
2513,0.00044965287088416517
2514,0.00030188506934791803
2515,0.0003939749440178275
2516,0.0004002338391728699
2517,0.0003636547480709851
2518,0.00031048935488797724
2519,0.0003840923891402781
2520,0.0004063114756718278
2521,0.00023932450858410448
2522,0.0002871874312404543
2523,0.0004013604193460196
2524,0.0003513741248752922
2525,0.0002484336728230119
2526,0.00022003965568728745
2527,0.0002906720619648695
2528,0.0003523671184666455
2529,0.00024929482606239617
2530,0.0003687957359943539
2531,0.00033509847708046436
2532,0.00040063707274384797
2533,0.00019305582100059837
2534,0.00034253927879035473
2535,0.0005720238550566137
2536,0.00047643546713516116
2537,0.00023672502720728517
2538,0.00034950082772411406
2539,0.0004061028885189444
2540,0.0003208296839147806
2541,0.0003461095620878041
2542,0.00045924820005893707
2543,0.00029032776365056634
2544,0.000249026867095381
2545,0.0002534479135647416
2546,0.000482112227473408
2547,0.0003816040698438883
2548,0.00021332778851501644
2549,0.0003636197652667761
2550,0.0002384457620792091
2551,0.00026968971360474825
2552,0.000327390618622303
2553,0.0003468320064712316
2554,0.0004455639573279768
2555,0.00025794474640861154
2556,0.00033829480526037514
2557,0.0002562677254900336
2558,0.00042846077121794224
2559,0.0004103236715309322
2560,0.0004509607970248908
2561,0.0003699284279718995
2562,0.0004040186759084463
2563,0.00035511181340552866
2564,0.0003031499218195677
2565,0.00037101705675013363
2566,0.00039297231705859303
2567,0.00048269136459566653
2568,0.00030786177376285195
2569,0.0003051192034035921
2570,0.0003968902747146785
2571,0.00045699707698076963
2572,0.0004212679632473737
2573,0.0004646636079996824
2574,0.000280349631793797
2575,0.00022565416293218732
2576,0.0001941231166711077
2577,0.00033215514849871397
2578,0.0002738792391028255
2579,0.00027267649420537055
2580,0.0004328642971813679
2581,0.0004242179566062987
2582,0.00031925071380101144
2583,0.00044054011232219636
2584,0.00019799807341769338
2585,0.0003591313725337386
2586,0.0002794100728351623
2587,0.0001986004353966564
2588,0.0005829429137520492
2589,0.0004760677111335099
2590,0.0004659678088501096
2591,0.00044798303861171007
2592,0.00028514518635347486
2593,0.000327586370985955
2594,0.0002974020317196846
2595,0.0004231019993312657
2596,0.00022617440845351666
2597,0.000263113877736032
2598,0.0004946128465235233
2599,0.00033320175134576857
2600,0.0004698559641838074
2601,0.0004528122371993959
2602,0.0004203289863653481
2603,0.00023600264103151858
2604,0.00043974490836262703
2605,0.0002822314854711294
2606,0.0003344388387631625
2607,0.00041444890666753054
2608,0.0003756566147785634
2609,0.00030100985895842314
2610,0.00022940183407627046
2611,0.0002607901697047055
2612,0.00037461306783370674
2613,0.00045528734335675836
2614,0.0003837132826447487
2615,0.00042118370765820146
2616,0.0005739711341448128
2617,0.0003095670253969729
2618,0.000358486024197191
2619,0.0001896166504593566
2620,0.00026755727594718337
2621,0.0004510664730332792
2622,0.000362747727194801
2623,0.0002963354345411062
2624,0.00038563820999115705
2625,0.0002750091371126473
2626,0.0002454805071465671
2627,0.00028325547464191914
2628,0.00026820937637239695
2629,0.0003832604270428419
2630,0.00033799849916249514
2631,0.00035201950231567025
2632,0.0005293351132422686
2633,0.0003573215799406171
2634,0.0004797861911356449
2635,0.0005191784584894776
2636,0.0003338150563649833
2637,0.0003821566642727703
2638,0.00030384058482013643
2639,0.0002850368618965149
2640,0.00025037169689312577
2641,0.00034919122117571533
2642,0.0003697536885738373
2643,0.0003295268688816577
2644,0.0005411375313997269
2645,0.00037515745498239994
2646,0.00039078545523807406
2647,0.00037229288136586547
2648,0.0005496317753568292
2649,0.00036396877840161324
2650,0.00026180120767094195
2651,0.0005295175942592323
2652,0.00034754793159663677
2653,0.0002930480404756963
2654,0.0003900937153957784
2655,0.0003607018734328449
2656,0.0002999003045260906
2657,0.0004132164176553488
2658,0.0003557068412192166
2659,0.0004388981615193188
2660,0.0003038770519196987
2661,0.0005654973210766912
2662,0.0003472634416539222
2663,0.00038522982504218817
2664,0.00034099846379831433
2665,0.0004897838225588202
2666,0.0003896228445228189
2667,0.0005356241017580032
2668,0.00018249503045808524
2669,0.0002459214301779866
2670,0.00040212017484009266
2671,0.000453562184702605
2672,0.0004269042983651161
2673,0.00029498618096113205
2674,0.00018229885608889163
2675,0.0003010394866578281
2676,0.00028011988615617156
2677,0.0003823789884336293
2678,0.00033162569161504507
2679,0.00029325298964977264
2680,0.0004232083447277546
2681,0.00030594668351113796
2682,0.0006539237219840288
2683,0.0003525339416228235
2684,0.000602790096309036
2685,0.000267938943579793
2686,0.00021775017376057804
2687,0.00042305467650294304
2688,0.00023430837609339505
2689,0.00027625716757029295
2690,0.00038995296927168965
2691,0.0004457472241483629
2692,0.000370040099369362
2693,0.00021400467085186392
2694,0.0003871014923788607
2695,0.000357934448402375
2696,0.000151586122228764
2697,0.00023562830756418407
2698,0.0004273758386261761
2699,0.0002692774578463286
2700,0.00024903041776269674
2701,0.00027422813582234085
2702,0.00022584022372029722
2703,0.0003060099552385509
2704,0.00028800024301745
2705,0.0003849503700621426
2706,0.000377120915800333
2707,0.00030065409373492
2708,0.00018654206360224634
2709,0.0003142599598504603
2710,0.0004181572876404971
2711,0.00019062933279201388
2712,0.00021575434948317707
2713,0.0003772533673327416
2714,0.0003238862846046686
2715,0.00039082905277609825
2716,0.000289475719910115
2717,0.00036697203177027404
2718,0.00043904868653044105
2719,0.0003851449873764068
2720,0.00033819483360275626
2721,0.00043009588262066245
2722,0.0002609126968309283
2723,0.0003566170344129205
2724,0.00019269529730081558
2725,0.00012556053115986288
2726,0.00027890049386769533
2727,0.00044864145456813276
2728,0.0003112423582933843
2729,0.00044265110045671463
2730,0.0003435357357375324
2731,0.00034193421015515924
2732,0.0004630760522559285
2733,0.0004841965273953974
2734,0.00029700720915570855
2735,0.00036514372914098203
2736,0.000489076366648078
2737,0.0002484900178387761
2738,0.00023503071861341596
2739,0.00026313861599192023
2740,0.00047685689060017467
2741,0.00043649549479596317
2742,0.00042241872870363295
2743,0.00037726666778326035
2744,0.00027720467187464237
2745,0.0004810344544239342
2746,0.0004584247653838247
2747,0.00039793094038031995
2748,0.0005789472488686442
2749,0.0003593513974919915
2750,0.00010230352927464992
2751,0.000362041755579412
2752,0.0002780949871521443
2753,0.00032515719067305326
2754,0.0004169655148871243
2755,0.0002546639007050544
2756,0.00033786840504035354
2757,0.0003354352666065097
2758,0.0003095906286034733
2759,0.00032136376830749214
2760,0.0004355232522357255
2761,0.0005724052898585796
2762,0.0004479263734538108
2763,0.00047901103971526027
2764,0.00017203146126121283
2765,0.0004550357989501208
2766,0.0003145302180200815
2767,0.0003239315119571984
2768,0.00034515635343268514
2769,0.0004732088709715754
2770,0.00032865104731172323
2771,0.0002059842663584277
2772,0.00028316269163042307
2773,0.0003942290204577148
2774,0.00030646921368315816
2775,0.0005708602257072926
2776,0.0005154396640136838
2777,0.0003838692791759968
2778,0.0002577733830548823
2779,0.00033284228993579745
2780,0.0005231647519394755
2781,0.0003314969362691045
2782,0.0002866736613214016
2783,0.00046310818288475275
2784,0.00034415622940286994
2785,0.0004009153926745057
2786,0.0002722776844166219
2787,0.00030642535421065986
2788,0.0002884462883230299
2789,0.00036759854992851615
2790,0.0003322205739095807
2791,0.00020900122763123363
2792,0.00029512381297536194
2793,0.0004612543270923197
2794,0.0004152538604103029
2795,0.00042077930993400514
2796,0.00031997798942029476
2797,0.00030407097074203193
2798,0.0002807227720040828
2799,0.00019388925284147263
2800,0.0003822441794909537
2801,0.00038876067264936864
2802,0.0003823415609076619
2803,0.0004423365171533078
2804,0.00034699327079579234
2805,0.0004951375303789973
2806,0.00029310869285836816
2807,0.0004724213504232466
2808,0.00036179914604872465
2809,0.0005196144920773804
2810,0.000392222311347723
2811,0.00020549172768369317
2812,0.0002894087811000645
2813,0.00040307524614036083
2814,0.0004043511871714145
2815,0.0004971862654201686
2816,0.0002676999429240823
2817,0.0002628125948831439
2818,0.00036191329127177596
2819,0.00021435023518279195
2820,0.0004952419549226761
2821,0.00043877045391127467
2822,0.0005021683755330741
2823,0.00044024293310940266
2824,0.00038456401671282947
2825,0.00030455528758466244
2826,0.0006487693754024804
2827,0.00033297663321718574
2828,0.0003342482668813318
2829,0.00024835692602209747
2830,0.0002438836672808975
2831,0.00026120792608708143
2832,0.0005360512877814472
2833,0.0002672137343324721
2834,0.0002901334664784372
2835,0.0004715037939604372
2836,0.0004035900055896491
2837,0.0003758694510906935
2838,0.00036391839967109263
2839,0.000369896471966058
2840,0.00026191319921053946
2841,0.00038470374420285225
2842,0.0004322717431932688
2843,0.0001632949715713039
2844,0.00047154730418697
2845,0.00037726585287600756
2846,0.0004396172007545829
2847,0.0003078688168898225
2848,0.00028770018252544105
2849,0.0003694411716423929
2850,0.00024305906845256686
2851,0.00043352250941097736
2852,0.0003150101692881435
2853,0.0002164408506359905
2854,0.0003533073468133807
2855,0.00038879233761690557
2856,0.00034061219776049256
2857,0.0002863399568013847
2858,0.00039442264824174345
2859,0.00034864136250689626
2860,0.0002023711276706308
2861,0.0003431214136071503
2862,0.0004088865825906396
2863,0.00036249018739908934
2864,0.0003478987200651318
2865,0.0004111265589017421
2866,0.00031655863858759403
2867,0.0005489044706337154
2868,0.00037378916749730706
2869,0.00027819475508295
2870,0.0003761426778510213
2871,0.000330744544044137
2872,0.0002875467180274427
2873,0.0002802273374982178
2874,0.00042994157411158085
2875,0.0003719788510352373
2876,0.00044061930384486914
2877,0.00017001404194161296
2878,0.0003453325480222702
2879,0.0003258163051214069
2880,0.000283434143057093
2881,0.000218633416807279
2882,0.0002101688296534121
2883,0.00012494385009631515
2884,0.00033109428477473557
2885,0.0004159731324762106
2886,0.00035187421599403024
2887,0.000379133562091738
2888,0.0004251079517416656
2889,0.00032036355696618557
2890,0.0002578187268227339
2891,0.0003818931872956455
2892,0.000310625066049397
2893,0.0004656468809116632
2894,0.0004123452818021178
2895,0.0003908476501237601
2896,0.00035604805452749133
2897,0.000291131145786494
2898,0.00022727003670297563
2899,0.00047981124953366816
2900,0.00048541364958509803
2901,0.0003414538223296404
2902,0.00013542690430767834
2903,0.0004133799811825156
2904,0.0002187103673350066
2905,0.00024568778462707996
2906,0.00045639678137376904
2907,0.0002962790022138506
2908,0.00032011925941333175
2909,0.00020673530525527894
2910,0.0005604999605566263
2911,0.0003223192470613867
2912,0.0003776286612264812
2913,0.00024107829085551202
2914,0.00025661749532446265
2915,0.00026400937349535525
2916,0.0004213763459119946
2917,0.0004111281014047563
2918,0.0002100188285112381
2919,0.00030737981433048844
2920,0.00042290877900086343
2921,0.0003648421261459589
2922,0.00017940736142918468
2923,0.0004975650226697326
2924,0.0003253175236750394
2925,0.0005307663232088089
2926,0.0003476899000816047
2927,0.0003871192748192698
2928,0.0004239346308168024
2929,0.0004659395490307361
2930,0.0002585015899967402
2931,0.0003685345873236656
2932,0.0006186090176925063
2933,0.000315512646920979
2934,0.00028431537793949246
2935,0.0003579470794647932
2936,0.0002224201161880046
2937,0.0005041795084252954
2938,0.00027449714252725244
2939,0.0003019964206032455
2940,0.0002548646880313754
2941,0.0003667576820589602
2942,0.0004194124194327742
2943,0.00041505281114950776
2944,0.00031505266088061035
2945,0.00018545442435424775
2946,0.00030194115242920816
2947,0.00028648506850004196
2948,0.00043832362280227244
2949,0.0004389506939332932
2950,0.00026038094074465334
2951,0.0003371073107700795
2952,0.0005119516863487661
2953,0.000455594330560416
2954,0.0005025776335969567
2955,0.00043290457688272
2956,0.000533020356670022
2957,0.00029758026357740164
2958,0.0004031205317005515
2959,0.0003462793247308582
2960,0.0004130034358240664
2961,0.00014618437853641808
2962,0.00030502432491630316
2963,0.00036769366124644876
2964,0.00037511010305024683
2965,0.00047674300731159747
2966,0.0003209369315300137
2967,0.00021327758440747857
2968,0.0002677051816135645
2969,0.0004909675917588174
2970,0.000414007343351841
2971,0.00017972063506022096
2972,0.0003383017610758543
2973,0.00043400615686550736
2974,0.00028096273308619857
2975,0.000540717039257288
2976,0.00037286122096702456
2977,0.0005210243398323655
2978,0.00028026069048792124
2979,0.0004072648589499295
2980,0.00019179597438778728
2981,0.0002478300593793392
2982,0.0003291610046289861
2983,0.00020646343182306737
2984,0.0003925140481442213
2985,0.00017586801550351083
2986,0.00048157203127630055
2987,0.00031714257784187794
2988,0.00033605151111260056
2989,0.00023007745039649308
2990,0.00027737149503082037
2991,0.00035723199835047126
2992,0.0003201078507117927
2993,0.0004600281536113471
2994,0.00031035870779305696
2995,0.0006651857402175665
2996,0.0002828887081705034
2997,0.0003725527203641832
2998,0.0004364330670796335
2999,0.0005524535081349313
3000,0.00017824108363129199
